{"daily_tokens": {"llama-3.1-8b-instant": 17613}, "last_reset": "2026-03-23", "last_request_time": {"llama-3.1-8b-instant": 1774288528.8802264}, "request_count": {"llama-3.1-8b-instant": 1}, "minute_start": {"llama-3.1-8b-instant": 1774288528.8802233}}