{"daily_tokens": {"llama-3.1-8b-instant": 14194}, "last_reset": "2026-03-22", "last_request_time": {"llama-3.1-8b-instant": 1774187318.1961064}, "request_count": {"llama-3.1-8b-instant": 5}, "minute_start": {"llama-3.1-8b-instant": 1774187305.9886355}}