{"daily_tokens": {"llama-3.1-8b-instant": 10655}, "last_reset": "2026-07-21", "last_request_time": {"llama-3.1-8b-instant": 1784671654.8068252}, "request_count": {"llama-3.1-8b-instant": 1}, "minute_start": {"llama-3.1-8b-instant": 1784671654.8068218}}