{"daily_tokens": {"llama-3.1-8b-instant": 11139}, "last_reset": "2026-03-20", "last_request_time": {"llama-3.1-8b-instant": 1774028364.5812237}, "request_count": {"llama-3.1-8b-instant": 1}, "minute_start": {"llama-3.1-8b-instant": 1774028364.5812206}}