{"daily_tokens": {}, "last_reset": "2026-06-14", "last_request_time": {"llama-3.1-8b-instant": 1781475468.7742283}, "request_count": {"llama-3.1-8b-instant": 10}, "minute_start": {"llama-3.1-8b-instant": 1781475449.6210647}}