{"daily_tokens": {"llama-3.1-8b-instant": 15209}, "last_reset": "2026-03-24", "last_request_time": {"llama-3.1-8b-instant": 1774375180.4488645}, "request_count": {"llama-3.1-8b-instant": 2}, "minute_start": {"llama-3.1-8b-instant": 1774375176.7661955}}