{"daily_tokens": {"llama-3.1-8b-instant": 22751}, "last_reset": "2026-03-24", "last_request_time": {"llama-3.1-8b-instant": 1774388586.4823806}, "request_count": {"llama-3.1-8b-instant": 5}, "minute_start": {"llama-3.1-8b-instant": 1774388573.9781466}}