{"daily_tokens": {"llama-3.1-8b-instant": 10057}, "last_reset": "2026-07-16", "last_request_time": {"llama-3.1-8b-instant": 1784239646.3795154}, "request_count": {"llama-3.1-8b-instant": 1}, "minute_start": {"llama-3.1-8b-instant": 1784239646.3795116}}