{"daily_tokens": {"llama-3.1-8b-instant": 15917}, "last_reset": "2026-03-23", "last_request_time": {"llama-3.1-8b-instant": 1774275574.5361638}, "request_count": {"llama-3.1-8b-instant": 3}, "minute_start": {"llama-3.1-8b-instant": 1774275567.9503434}}