{"daily_tokens": {"llama-3.1-8b-instant": 16044}, "last_reset": "2026-03-21", "last_request_time": {"llama-3.1-8b-instant": 1774128659.0517266}, "request_count": {"llama-3.1-8b-instant": 1}, "minute_start": {"llama-3.1-8b-instant": 1774128659.0517235}}