{"daily_tokens": {"llama-3.1-8b-instant": 17203}, "last_reset": "2026-03-22", "last_request_time": {"llama-3.1-8b-instant": 1774215136.0902858}, "request_count": {"llama-3.1-8b-instant": 1}, "minute_start": {"llama-3.1-8b-instant": 1774215136.0902832}}