{"daily_tokens": {}, "last_reset": "2026-06-14", "last_request_time": {"llama-3.1-8b-instant": 1781461056.3426178}, "request_count": {"llama-3.1-8b-instant": 13}, "minute_start": {"llama-3.1-8b-instant": 1781461031.2417686}}