{"daily_tokens": {"llama-3.1-8b-instant": 15819}, "last_reset": "2026-03-20", "last_request_time": {"llama-3.1-8b-instant": 1774042562.8254461}, "request_count": {"llama-3.1-8b-instant": 3}, "minute_start": {"llama-3.1-8b-instant": 1774042556.1939123}}