{"daily_tokens": {"llama-3.1-8b-instant": 10793}, "last_reset": "2026-03-21", "last_request_time": {"llama-3.1-8b-instant": 1774100793.2608032}, "request_count": {"llama-3.1-8b-instant": 3}, "minute_start": {"llama-3.1-8b-instant": 1774100787.3338351}}