{"daily_tokens": {"llama-3.1-8b-instant": 14060}, "last_reset": "2026-03-21", "last_request_time": {"llama-3.1-8b-instant": 1774114242.5032277}, "request_count": {"llama-3.1-8b-instant": 2}, "minute_start": {"llama-3.1-8b-instant": 1774114239.1696203}}