{"daily_tokens": {"llama-3.1-8b-instant": 14607}, "last_reset": "2026-03-25", "last_request_time": {"llama-3.1-8b-instant": 1774448452.5678935}, "request_count": {"llama-3.1-8b-instant": 5}, "minute_start": {"llama-3.1-8b-instant": 1774448440.8952415}}